"","isolate.assembly","isolate.id","coamox.mic","tem1.isolate.scaled","tem1.isolate.copy.number.scaled","ampc.promoter.snv","promoter.snv"
"1",1,"OXEC-1","8.2","FALSE",-0.43455412798272,"GGCTCCTAGGG","CGGCGG"
"2",2,"OXEC-2","16.2","FALSE",-0.44181256300156,"AGCTCCTAGGG","CGGCGG"
"3",6,"OXEC-6","8.2","FALSE",-0.196840381115725,"GGCTCCTAGGG","CGGCGA"
"4",8,"OXEC-8","8.2","FALSE",-0.496250825642856,"GGCTCCTAGGG","CGGCGG"
"5",10,"OXEC-10","32.2","FALSE",-0.459958650548659,"GGCTCCTAGGG","CGGCGA"
"6",12,"OXEC-12","8.2","FALSE",-0.450885606775109,"GATTCCTAGGG","CGGCGG"
"7",18,"OXEC-18","8.2","FALSE",-0.478104738095757,"AGCTTCTAGGG","CGGCGG"
"8",19,"OXEC-19","8.2","FALSE",-0.44181256300156,"GGCTCCTAGGG","CGGCGG"
"9",21,"OXEC-21","<=2.2","FALSE",-0.365598995303744,"GGCTCCTAGGG","CGGCGG"
"10",22,"OXEC-22","4.2","FALSE",-0.459958650548659,"GATTCCTAGGG","CGGCGG"
"11",23,"OXEC-23","16.2","FALSE",-0.367413604058454,"AGCTTCTAGGG","CGGCGA"
"12",25,"OXEC-25","32.2","FALSE",-0.576093610850091,"GGCTCCTAGGG","TGGCGA"
"13",29,"OXEC-29","16.2","FALSE",-0.392818126624393,"AGCTTCTAGGG","CGGCGA"
"14",30,"OXEC-30","4.2","FALSE",-0.380115865341423,"GGCTCCTAGGG","CGGCGG"
"15",31,"OXEC-31",">32.2","FALSE",-0.394632735379102,"AGCTCCTAGGG","CGGCGG"
"16",32,"OXEC-32","32.2","FALSE",-0.385559691605553,"AGCTCCTAGGG","CGGCGG"
"17",33,"OXEC-33","8.2","FALSE",-0.407334996662072,"GGCTCCTAGGG","CGGCGG"
"18",35,"OXEC-35","8.2","FALSE",-0.443627171756269,"GGCTCCTAGGG","CGGCGG"
"19",38,"OXEC-38",">32.2","FALSE",-0.576093610850091,"GGCTCCTAGGG","TGGCGA"
"20",39,"OXEC-39","8.2","FALSE",-0.461773259303368,"GATTCCTAGGG","CGGCGG"
"21",40,"OXEC-40","8.2","FALSE",-0.43636873673743,"GGCTCCTAGGG","CGGCGA"
"22",41,"OXEC-41","4.2","FALSE",-0.336565255228386,"GGCTCCTAGGG","CGGCGG"
"23",42,"OXEC-42",">32.2","FALSE",1.24903987463711,"AGCTTCTAGGG","CGGCGG"
"24",44,"OXEC-44","8.2","FALSE",-0.452700215529819,"AGCTTCTAGGG","CGGCGG"
"25",54,"OXEC-54","16.2","FALSE",-0.421851866699751,"GGCTCCTAGGG","CGGCGG"
"26",55,"OXEC-55","16.2","FALSE",-0.576093610850091,"GGCTCCTAGGG","CGGCGG"
"27",56,"OXEC-56","8.2","FALSE",-0.412778822926201,"GGCTCCTAGGG","CGGCGG"
"28",58,"OXEC-58","32.2","FALSE",1.24903987463711,"GATTCCTAGGG","CGGCGG"
"29",59,"OXEC-59","4.2","FALSE",-0.403705779152652,"GGCTCCTAGGG","CGGCGA"
"30",61,"OXEC-61","4.2","FALSE",-0.347452907756645,"GGCTCCTAGGG","CGGCGG"
"31",63,"OXEC-63",">32.2","TRUE",1.24903987463711,"AGCTTCTAGGG","CGGCGA"
"32",64,"OXEC-64","8.2","FALSE",-0.476290129341048,"AGCTTCTAGGG","CGGCGG"
"33",65,"OXEC-65","16.2","FALSE",-0.381930474096133,"AGCTTCTAGGG","CGGCGA"
"34",69,"OXEC-69",">32.2","FALSE",-0.463587868058078,"GGCTCCTAGGG","TGGCGG"
"35",71,"OXEC-71",">32.2","FALSE",-0.0716323770407422,"GGCTCCTAGGG","TGGCGG"
"36",72,"OXEC-72",">32.2","FALSE",0.0463171920154006,"GGCTCCTAGGG","CGGCGG"
"37",73,"OXEC-73","32.2","FALSE",-0.360155169039615,"AGCTTCTAGGG","CGGCGA"
"38",75,"OXEC-75","<=2.2","FALSE",-0.380115865341423,"GGCTCCTAGGG","CGGCGG"
"39",79,"OXEC-79","8.2","FALSE",-0.465402476812788,"AGCTTCTAGGG","CGGCGG"
"40",80,"OXEC-80","8.2","FALSE",-0.576093610850091,"GGCTCCTAGGG","CGGCGG"
"41",82,"OXEC-82","16.2","TRUE",0.196929718656321,"GATTCCTAGGG","CGGCGG"
"42",83,"OXEC-83",">32.2","FALSE",-0.576093610850091,"GGCTCCTAGGG","TGGCGA"
"43",89,"OXEC-89","8.2","FALSE",-0.256722470021151,"AGCTCCTAGGG","CGGCGG"
"44",90,"OXEC-90","16.2","FALSE",-0.421851866699751,"GGCTCCTAGGG","CGGCGG"
"45",92,"OXEC-92",">32.2","FALSE",-0.461773259303368,"GATTCCTAGGG","CGGCGG"
"46",93,"OXEC-93",">32.2","FALSE",-0.396447344133812,"GGCTCCTAGGG","TGGCGA"
"47",95,"OXEC-95","32.2","TRUE",0.231407284995809,"GGCTCCTAGGG","CGGCGG"
"48",97,"OXEC-97","8.2","FALSE",-0.459958650548659,"GGCTCCTAGGG","CGGCGG"
"49",99,"OXEC-99","8.2","FALSE",-0.361969777794324,"GGCTCCTAGGG","CGGCGG"
"50",103,"OXEC-103","4.2","FALSE",-0.334750646473676,"GGCTCCTAGGG","CGGCGG"
"51",105,"OXEC-105","8.2","FALSE",-0.354711342775485,"AGCTTCTAGGG","CGGCGA"
"52",107,"OXEC-107",">32.2","FALSE",-0.42729569296388,"AGCTTCTAGGG","TGGCGA"
"53",115,"OXEC-115","8.2","FALSE",-0.481733955605177,"AGCTCCTAGGG","CGGCGG"
"54",116,"OXEC-116",">32.2","FALSE",-0.576093610850091,"GGCTCCTAGGG","TGGCGA"
"55",117,"OXEC-117","32.2","FALSE",-0.369228212813164,"GGCTCCTAGGG","CGGCGG"
"56",119,"OXEC-119","16.2","FALSE",-0.320233776435997,"AGCTCCTAGGG","CGGCGA"
"57",120,"OXEC-120",">32.2","TRUE",0.621548167258436,"GGCTCCTAGGG","CGGCGG"
"58",121,"OXEC-121","16.2","FALSE",-0.576093610850091,"AGCTCCTAGGG","CGGCGG"
"59",122,"OXEC-122","16.2","TRUE",0.668727994880893,"AGCTTCTAGGG","CGGCGA"
"60",123,"OXEC-123","8.2","FALSE",-0.43999795424685,"AGCTTCTAGGG","CGGCGG"
"61",124,"OXEC-124","8.2","FALSE",-0.358340560284905,"AGCTTCTAGGG","CGGCGG"
"62",125,"OXEC-125","16.2","FALSE",-0.314789950171867,"GGCTCCTAGGG","CGGCGA"
"63",126,"OXEC-126","8.2","FALSE",-0.164177423530946,"GGCTCCTAGGG","CGGCGA"
"64",127,"OXEC-127",">32.2","FALSE",1.24903987463711,"GGCTCCTAGGG","CGGCGG"
"65",129,"OXEC-129","8.2","FALSE",-0.381930474096133,"GGCTCCTAGGG","CGGCGG"
"66",131,"OXEC-131","4.2","FALSE",0.00639579941178311,"GGCTCCTAGGG","CGGCGG"
"67",132,"OXEC-132","8.2","FALSE",-0.496250825642856,"GATTCCTAGGG","CGGCGG"
"68",133,"OXEC-133","8.2","FALSE",-0.576093610850091,"GGCTCCTAGGG","CGGCGG"
"69",135,"OXEC-135","16.2","FALSE",-0.576093610850091,"GGCTCCTAGGG","CGGCGG"
"70",137,"OXEC-137",">32.2","TRUE",0.0553902357889502,"GATTCCTAGGG","CGGCGG"
"71",138,"OXEC-138","16.2","FALSE",-0.27305394881354,"AGCTTCTAGGG","CGGCGA"
"72",139,"OXEC-139","8.2","FALSE",-0.420037257945041,"AGCTCCTAGGG","CGGCGG"
"73",140,"OXEC-140","8.2","FALSE",-0.43273951922801,"AGCTTCTAGGG","CGGCGG"
"74",142,"OXEC-142","16.2","FALSE",-0.576093610850091,"GGCTCCTAGGG","CGGCGG"
"75",143,"OXEC-143","8.2","FALSE",-0.449070998020399,"GATTCCTAGGG","CGGCGG"
"76",145,"OXEC-145","8.2","FALSE",-0.416408040435621,"GGCTCCTAGGG","CGGCGG"
"77",148,"OXEC-148","8.2","FALSE",-0.421851866699751,"GGCTCCTAGGG","CGGCGG"
"78",149,"OXEC-149","8.2","FALSE",0.0354295394871414,"GGCTCCTAGGG","CGGCGG"
"79",151,"OXEC-151","4.2","FALSE",-0.389188909114973,"GGCTCCTAGGG","CGGCGG"
"80",155,"OXEC-155","8.2","FALSE",-0.414593431680911,"GGCTCCTAGGG","CGGCGG"
"81",158,"OXEC-158",">32.2","FALSE",-0.283941601341799,"GATTCCTAGGG","CGGCGA"
"82",159,"OXEC-159","16.2","FALSE",-0.387374300360263,"AGCTCCTAGGG","CGGCGG"
"83",162,"OXEC-162","32.2","TRUE",0.0789801496001788,"AGCTCCTAGGG","CGGCGG"
"84",164,"OXEC-164","16.2","FALSE",-0.449070998020399,"AGCTCCTAGGG","CGGCGG"
"85",166,"OXEC-166","8.2","FALSE",-0.420037257945041,"AGCTCCTAGGG","CGGCGG"
"86",167,"OXEC-167","8.2","FALSE",-0.576093610850091,"AGCTCCTAGGG","CGGCGG"
"87",174,"OXEC-174","16.2","FALSE",-0.44181256300156,"GGCTCCTAGGG","CGGCGA"
"88",176,"OXEC-176","16.2","FALSE",-0.463587868058078,"GGCTCCTAGGG","CGGCGA"
"89",178,"OXEC-178","8.2","FALSE",-0.452700215529819,"AGCTTCTAGGG","CGGCGG"
"90",179,"OXEC-179",">32.2","TRUE",1.24903987463711,"GGCTCCTAGGG","TGGCGA"
"91",182,"OXEC-182","8.2","FALSE",-0.387374300360263,"AGCTCCTAGGG","CGGCGG"
"92",183,"OXEC-183","32.2","FALSE",-0.394632735379102,"GGCTCCTAGGG","CGGCGA"
"93",187,"OXEC-187","32.2","FALSE",-0.576093610850091,"AGCTCCTAGGG","CGGCGG"
"94",188,"OXEC-188","16.2","FALSE",-0.400076561643232,"AGCTCCTAGGG","CGGCGG"
"95",189,"OXEC-189","16.2","FALSE",-0.229503338700502,"GGCTCCTAGGG","CGGCGA"
"96",190,"OXEC-190","16.2","FALSE",-0.421851866699751,"AGCTTCTAGGG","CGGCGA"
"97",191,"OXEC-191","8.2","FALSE",-0.494436216888146,"AGCTTCTAGGG","CGGCGG"
"98",192,"OXEC-192",">32.2","FALSE",-0.449070998020399,"AGCTCCTAGGG","TGGCGG"
"99",194,"OXEC-194","8.2","FALSE",-0.42729569296388,"GGCTCCTAGGG","CGGCGG"
"100",197,"OXEC-197","8.2","FALSE",-0.332936037718966,"GGCTCCTAGGG","CGGCGA"
"101",198,"OXEC-198","8.2","FALSE",-0.459958650548659,"AGCTCCTAGGG","CGGCGG"
"102",200,"OXEC-200","8.2","TRUE",0.146120673524445,"GGCTCCTAGGG","CGGCGG"
"103",201,"OXEC-201","8.2","FALSE",-0.44181256300156,"GGCTCCTAGGG","CGGCGG"
"104",203,"OXEC-203","8.2","FALSE",-0.456329433039239,"AGCTCCTAGGG","CGGCGA"
"105",204,"OXEC-204","8.2","FALSE",-0.479919346850467,"AGCTTCTAGGG","CGGCGG"
"106",205,"OXEC-205","16.2","FALSE",-0.576093610850091,"GGCTCCTAGGG","CGGCGG"
"107",208,"OXEC-208","8.2","FALSE",-0.476290129341048,"GGCTCCTAGGG","CGGCGG"
"108",211,"OXEC-211","16.2","FALSE",-0.224059512436373,"AGCTCCTAGGG","CGGCGA"
"109",213,"OXEC-213",">32.2","FALSE",1.24903987463711,"GGCTCCTAGGG","CGGCGG"
"110",214,"OXEC-214",">32.2","TRUE",1.24903987463711,"GGCTCCTAGGG","CGGCGA"
"111",216,"OXEC-216",">32.2","TRUE",0.293103982655946,"GGCTCCTAGGG","CGGCGG"
"112",219,"OXEC-219","8.2","FALSE",-0.488992390624017,"AGCTTCTAGGG","CGGCGG"
"113",220,"OXEC-220","8.2","FALSE",-0.405520387907362,"GGCTCCTAGGG","CGGCGG"
"114",222,"OXEC-222","8.2","FALSE",-0.171435858549786,"AGCTTCTAGGG","CGGCGG"
"115",223,"OXEC-223","16.2","FALSE",-0.254907861266441,"AGCTTCTAGGG","CGGCGG"
"116",225,"OXEC-225","8.2","FALSE",-0.300273080134188,"AGCTCCTAGGG","CGGCGA"
"117",229,"OXEC-229","32.2","FALSE",-0.470846303076918,"GGCTCCTAGGG","CGGCGG"
"118",230,"OXEC-230","8.2","FALSE",-0.420037257945041,"GGCTCCTAGGG","CGGCGA"
"119",233,"OXEC-233",">32.2","FALSE",-0.576093610850091,"GGCTCCTAGGG","TGGCGA"
"120",236,"OXEC-236","16.2","FALSE",-0.487177781869307,"GGCTCCTAGGG","CGGCGG"
"121",237,"OXEC-237","4.2","FALSE",-0.576093610850091,"GGCTCCTAGGG","CGGCGA"
"122",240,"OXEC-240","32.2","FALSE",1.15685774989785,"AGCTCCTAGGG","CGGCGG"
"123",241,"OXEC-241","8.2","FALSE",-0.225874121191083,"AGCTCCTAGGG","CGGCGA"
"124",242,"OXEC-242","8.2","FALSE",-0.576093610850091,"GGCTCCTAGGG","CGGCGG"
"125",243,"OXEC-243","8.2","FALSE",-0.476290129341048,"AGCTTCTAGGG","CGGCGG"
"126",244,"OXEC-244","8.2","FALSE",-0.465402476812788,"AGCTTCTAGGG","CGGCGA"
"127",246,"OXEC-246","8.2","FALSE",-0.27305394881354,"GGCTCCTAGGG","CGGCGG"
"128",247,"OXEC-247","8.2","FALSE",-0.231317947455212,"GGCTCCTAGGG","CGGCGG"
"129",248,"OXEC-248","8.2","FALSE",-0.391003517869683,"GGCTCCTAGGG","CGGCGG"
"130",250,"OXEC-250","16.2","TRUE",1.24903987463711,"AGCTCCTAGGG","CGGCGA"
"131",256,"OXEC-256","16.2","FALSE",-0.576093610850091,"GGCTCCTAGGG","CGGCGG"
"132",257,"OXEC-257","4.2","FALSE",-0.488992390624017,"GGCTCCTAGGG","CGGCGA"
"133",260,"OXEC-260","8.2","FALSE",-0.576093610850091,"GGCTCCTAGGG","CGGCGG"
"134",262,"OXEC-262","16.2","FALSE",-0.421851866699751,"GATTCCTAGGG","CGGCGG"
"135",263,"OXEC-263",">32.2","TRUE",0.977211483181574,"GGCTCCTAGGG","CGGCGG"
"136",264,"OXEC-264","8.2","FALSE",-0.485363173114597,"GATTCCTAGGG","CGGCGG"
"137",265,"OXEC-265",">32.2","TRUE",1.17681844619966,"AGCTCCTAGGG","TGGCGG"
"138",267,"OXEC-267","8.2","FALSE",-0.463587868058078,"GGCTCCTAGGG","CGGCGG"
"139",272,"OXEC-272",">32.2","FALSE",1.24903987463711,"GGCTCCTAGGG","CGGCGG"
"140",273,"OXEC-273",">32.2","FALSE",0.0154688431853325,"AGCTCCTAGGG","CGGCGG"
"141",274,"OXEC-274","8.2","FALSE",-0.331121428964256,"AGCTCCTAGGG","CGGCGG"
"142",275,"OXEC-275","32.2","FALSE",-0.0988515083613905,"AGCTTCTAGGG","CGGCGG"
"143",276,"OXEC-276","32.2","TRUE",1.24903987463711,"GATTCCTAGGG","CGGCGA"
"144",277,"OXEC-277","16.2","TRUE",0.117086933449086,"GATTCCTAGGG","CGGCGG"
"145",279,"OXEC-279","8.2","FALSE",-0.576093610850091,"GGCTCCTAGGG","CGGCGA"
"146",281,"OXEC-281",">32.2","TRUE",0.429199639259188,"AGCTCCTAGGG","CGGCGG"
"147",282,"OXEC-282","8.2","FALSE",-0.43999795424685,"AGCTCCTAGGG","CGGCGG"
"148",283,"OXEC-283","8.2","FALSE",-0.240390991228762,"AGCTTCTAGGG","CGGCGA"
"149",284,"OXEC-284","8.2","FALSE",-0.389188909114973,"GGCTCCTAGGG","CGGCGG"
"150",285,"OXEC-285",">32.2","FALSE",-0.358340560284905,"GGCTCCTAGGG","TGGCGA"
"151",286,"OXEC-286","4.2","FALSE",-0.474475520586338,"GATTCCTAGGG","CGGCGG"
"152",287,"OXEC-287","4.2","FALSE",-0.378301256586713,"GGCTCCTAGGG","CGGCGA"
"153",288,"OXEC-288","8.2","FALSE",-0.494436216888146,"GATTCCTAGGG","CGGCGG"
"154",292,"OXEC-292","16.2","FALSE",-0.195025772361015,"GGCTCCTAGGG","CGGCGG"
"155",294,"OXEC-294","8.2","FALSE",-0.327492211454837,"AGCTTCTAGGG","CGGCGA"
"156",295,"OXEC-295","8.2","FALSE",-0.576093610850091,"AGCTTCTAGGG","CGGCGG"
"157",296,"OXEC-296","8.2","FALSE",-0.26942473130412,"GGCTCCTAGGG","CGGCGA"
"158",299,"OXEC-299","4.2","FALSE",-0.514396913189955,"GGCTCCTAGGG","CGGCGG"
"159",301,"OXEC-301","16.2","TRUE",0.231407284995809,"AGCTCCTAGGG","CGGCGG"
"160",305,"OXEC-305","8.2","FALSE",-0.43273951922801,"AGCTCCTAGGG","CGGCGA"
"161",307,"OXEC-307","32.2","FALSE",-0.162362814776237,"AGCTTCTAGGG","CGGCGG"
"162",310,"OXEC-310","8.2","FALSE",-0.338379863983096,"GGCTCCTAGGG","CGGCGG"
"163",311,"OXEC-311","32.2","FALSE",-0.488992390624017,"GGCTCCTAGGG","CGGCGG"
"164",313,"OXEC-313","16.2","FALSE",-0.576093610850091,"GGCTCCTAGGG","CGGCGG"
"165",314,"OXEC-314",">32.2","FALSE",-0.576093610850091,"AGCTTCTAGGG","TGGCGG"
"166",316,"OXEC-316","8.2","FALSE",-0.503509260661696,"GGCTCCTAGGG","CGGCGG"
"167",317,"OXEC-317",">32.2","FALSE",-0.282126992587089,"GGCTCCTAGGG","CGGCGA"
"168",322,"OXEC-322","8.2","FALSE",-0.27123934005883,"GATTCCTAGGG","CGGCGG"
"169",324,"OXEC-324","8.2","FALSE",-0.503509260661696,"GGCTCCTAGGG","CGGCGG"
"170",328,"OXEC-328","8.2","FALSE",-0.361969777794324,"GGCTCCTAGGG","CGGCGG"
"171",329,"OXEC-329",">32.2","TRUE",-0.0280817669277049,"GGCTCCTAGGG","CGGCGG"
"172",331,"OXEC-331","32.2","TRUE",1.24903987463711,"GGCTCCTAGGG","CGGCGA"
"173",333,"OXEC-333","8.2","FALSE",-0.391003517869683,"GATTCCTAGGG","CGGCGG"
"174",334,"OXEC-334","8.2","FALSE",-0.407334996662072,"AGCTCCTAGGG","CGGCGG"
"175",336,"OXEC-336","32.2","FALSE",-0.356525951530195,"AGCTCCTAGGG","CGGCGA"
"176",339,"OXEC-339","8.2","FALSE",-0.449070998020399,"GGCTCCTAGGG","CGGCGA"
"177",340,"OXEC-340","8.2","FALSE",-0.576093610850091,"GGCTCCTAGGG","CGGCGA"
"178",341,"OXEC-341","8.2","FALSE",-0.472660911831628,"AGCTTCTAGGG","CGGCGG"
"179",342,"OXEC-342","8.2","FALSE",-0.481733955605177,"GATTCCTAGGG","CGGCGG"
"180",344,"OXEC-344","8.2","FALSE",-0.412778822926201,"GATTCCTAGGG","CGGCGG"
"181",345,"OXEC-345","8.2","FALSE",-0.472660911831628,"AGCTTCTAGGG","CGGCGG"
"182",347,"OXEC-347","32.2","FALSE",-0.576093610850091,"GGCTCCTAGGG","CGGCGG"
"183",351,"OXEC-351","16.2","FALSE",-0.227688729945793,"AGCTCCTAGGG","CGGCGG"
"184",353,"OXEC-353","16.2","FALSE",-0.140587509719718,"AGCTCCTAGGG","CGGCGA"
"185",355,"OXEC-355","16.2","FALSE",-0.398261952888522,"AGCTCCTAGGG","CGGCGG"
"186",358,"OXEC-358","<=2.2","FALSE",-0.240390991228762,"GGCTCCTAGGG","CGGCGG"
"187",363,"OXEC-363",">32.2","TRUE",1.24903987463711,"GGCTCCTAGGG","CGGCGG"
"188",365,"OXEC-365","32.2","FALSE",-0.459958650548659,"GATTCCTAGGG","CGGCGG"
"189",366,"OXEC-366","16.2","FALSE",-0.403705779152652,"GGCTCCTAGGG","CGGCGG"
"190",370,"OXEC-370","16.2","FALSE",-0.371042821567874,"GATTCCTAGGG","CGGCGA"
"191",371,"OXEC-371","8.2","FALSE",-0.374672039077294,"GGCTCCTAGGG","CGGCGG"
"192",380,"OXEC-380","32.2","FALSE",-0.361969777794324,"AGCTCCTAGGG","CGGCGA"
"193",382,"OXEC-382","8.2","FALSE",-0.43455412798272,"AGCTCCTAGGG","CGGCGG"
"194",386,"OXEC-386","8.2","FALSE",-0.352896734020775,"GGCTCCTAGGG","CGGCGA"
"195",387,"OXEC-387","8.2","FALSE",-0.325677602700127,"GATTCCTAGGG","CGGCGG"
"196",388,"OXEC-388","16.2","FALSE",-0.43999795424685,"GATTCCTAGGG","CGGCGG"
"197",393,"OXEC-393","16.2","FALSE",-0.403705779152652,"GGCTCCTAGGG","CGGCGG"
"198",396,"OXEC-396","8.2","FALSE",-0.423666475454461,"AGCTCCTAGGG","CGGCGG"
"199",398,"OXEC-398","8.2","FALSE",-0.176879684813916,"GGCTCCTAGGG","CGGCGG"
"200",399,"OXEC-399","16.2","FALSE",-0.320233776435997,"GGCTCCTAGGG","CGGCGG"
"201",400,"OXEC-400","16.2","FALSE",-0.396447344133812,"GGCTCCTAGGG","CGGCGG"
"202",401,"OXEC-401","32.2","TRUE",1.19859375125618,"AGCTTCTAGGG","CGGCGA"
"203",403,"OXEC-403","16.2","FALSE",-0.167806641040366,"AGCTCCTAGGG","CGGCGG"
"204",406,"OXEC-406","8.2","FALSE",-0.423666475454461,"GATTCCTAGGG","CGGCGG"
"205",408,"OXEC-408","32.2","FALSE",-0.385559691605553,"GGCTCCTAGGG","CGGCGG"
"206",410,"OXEC-410","16.2","FALSE",-0.316604558926577,"GATTCCTAGGG","CGGCGA"
"207",412,"OXEC-412",">32.2","FALSE",-0.302087688888898,"GATTCCTAGGG","CGGCGG"
"208",413,"OXEC-413","16.2","FALSE",-0.342009081492516,"GGCTCCTAGGG","CGGCGG"
"209",414,"OXEC-414","8.2","FALSE",-0.421851866699751,"GGCTCCTAGGG","CGGCGG"
"210",415,"OXEC-415","8.2","FALSE",-0.354711342775485,"GGCTCCTAGGG","CGGCGA"
"211",416,"OXEC-416","16.2","FALSE",-0.285756210096509,"GGCTCCTAGGG","CGGCGG"
"212",420,"OXEC-420",">32.2","TRUE",0.995357570728673,"GGCTCCTAGGG","CGGCGG"
"213",421,"OXEC-421","4.2","FALSE",-0.389188909114973,"GGCTCCTAGGG","CGGCGG"
"214",422,"OXEC-422","4.2","FALSE",-0.43273951922801,"GGCTCCTAGGG","CGGCGG"
"215",423,"OXEC-423","<=2.2","FALSE",-0.576093610850091,"GGCTCCTAGGG","CGGCGG"
"216",424,"OXEC-424","16.2","FALSE",-0.205913424889274,"GGCTCCTAGGG","CGGCGG"
"217",425,"OXEC-425","16.2","FALSE",-0.343823690247226,"AGCTTCTAGGG","CGGCGA"
"218",426,"OXEC-426","8.2","FALSE",-0.27849777507767,"GGCTCCTAGGG","CGGCGG"
"219",427,"OXEC-427","16.2","FALSE",-0.392818126624393,"AGCTCCTAGGG","CGGCGG"
"220",429,"OXEC-429",">32.2","FALSE",-0.576093610850091,"GATTCCTAGGG","TGGCGG"
"221",430,"OXEC-430","8.2","FALSE",-0.450885606775109,"GATTCCTAGGG","CGGCGG"
"222",434,"OXEC-434","4.2","FALSE",-0.416408040435621,"GGCTCCTAGGG","CGGCGG"
"223",435,"OXEC-435","8.2","FALSE",-0.423666475454461,"GGCTCCTAGGG","CGGCGG"
"224",436,"OXEC-436","32.2","FALSE",1.01168904952106,"GGCTCCTAGGG","CGGCGG"
"225",438,"OXEC-438","8.2","FALSE",-0.44181256300156,"GGCTCCTAGGG","CGGCGG"
"226",440,"OXEC-440",">32.2","FALSE",-0.336565255228386,"AGCTTCTAGGG","TGGCGA"
"227",442,"OXEC-442",">32.2","FALSE",-0.576093610850091,"GGCTCCTAGGG","TGGCGA"
"228",443,"OXEC-443",">32.2","TRUE",0.483637901900484,"AGCTTCTAGGG","CGGCGG"
"229",444,"OXEC-444","16.2","FALSE",-0.367413604058454,"GGCTCCTAGGG","CGGCGG"
"230",445,"OXEC-445","8.2","FALSE",-0.342009081492516,"GGCTCCTAGGG","CGGCGG"
"231",446,"OXEC-446","8.2","FALSE",-0.420037257945041,"GATTCCTAGGG","CGGCGG"
"232",449,"OXEC-449","32.2","FALSE",-0.43999795424685,"GGCTCCTAGGG","CGGCGG"
"233",451,"OXEC-451","32.2","FALSE",-0.342009081492516,"AGCTCCTAGGG","CGGCGG"
"234",454,"OXEC-454","8.2","FALSE",-0.211357251153404,"GGCTCCTAGGG","CGGCGG"
"235",457,"OXEC-457",">32.2","FALSE",-0.576093610850091,"GGCTCCTAGGG","TGGCGA"
"236",459,"OXEC-459","8.2","FALSE",-0.472660911831628,"AGCTTCTAGGG","CGGCGG"
"237",460,"OXEC-460",">32.2","TRUE",1.24903987463711,"AGCTTCTAGGG","CGGCGG"
"238",461,"OXEC-461","8.2","FALSE",-0.548874479529443,"AGCTTCTAGGG","CGGCGG"
"239",462,"OXEC-462","16.2","FALSE",-0.452700215529819,"AGCTCCTAGGG","CGGCGA"
"240",463,"OXEC-463","8.2","FALSE",-0.478104738095757,"AGCTTCTAGGG","CGGCGG"
"241",464,"OXEC-464","8.2","FALSE",-0.309346123907738,"GGCTCCTAGGG","CGGCGG"
"242",466,"OXEC-466","16.2","FALSE",-0.342009081492516,"GGCTCCTAGGG","CGGCGG"
"243",468,"OXEC-468",">32.2","FALSE",1.24903987463711,"GGCTCCTAGGG","CGGCGG"
"244",469,"OXEC-469","16.2","FALSE",-0.338379863983096,"AGCTCCTAGGG","CGGCGG"
"245",470,"OXEC-470","16.2","FALSE",-0.381930474096133,"AGCTCCTAGGG","CGGCGG"
"246",471,"OXEC-471","32.2","FALSE",-0.43999795424685,"GATTCCTAGGG","CGGCGG"
"247",474,"OXEC-474","8.2","FALSE",-0.43636873673743,"AGCTTCTAGGG","CGGCGG"
"248",475,"OXEC-475","8.2","FALSE",-0.43818334549214,"GATTCCTAGGG","CGGCGG"
"249",476,"OXEC-476","16.2","FALSE",-0.262166296285281,"GGCTCCTAGGG","CGGCGA"
"250",477,"OXEC-477","32.2","FALSE",-0.251278643757021,"GGCTCCTAGGG","TGGCGG"
"251",478,"OXEC-478","8.2","FALSE",-0.449070998020399,"AGCTTCTAGGG","CGGCGG"
"252",479,"OXEC-479","8.2","FALSE",-0.43818334549214,"AGCTTCTAGGG","CGGCGG"
"253",480,"OXEC-480","4.2","FALSE",-0.0988515083613905,"GGCTCCTAGGG","CGGCGG"
"254",481,"OXEC-481","8.2","FALSE",-0.345638299001935,"AGCTTCTAGGG","CGGCGG"
"255",485,"OXEC-485",">32.2","FALSE",-0.576093610850091,"GGCTCCTAGGG","TGGCGA"
"256",486,"OXEC-486","16.2","FALSE",-0.160548206021527,"AGCTCCTAGGG","CGGCGA"
"257",487,"OXEC-487","8.2","FALSE",-0.576093610850091,"GGCTCCTAGGG","CGGCGG"
"258",488,"OXEC-488","16.2","FALSE",-0.151475162247977,"AGCTCCTAGGG","CGGCGA"
"259",489,"OXEC-489","16.2","FALSE",-0.213171859908114,"GGCTCCTAGGG","CGGCGA"
"260",493,"OXEC-493","8.2","TRUE",-0.0553008982483531,"GGCTCCTAGGG","CGGCGG"
"261",495,"OXEC-495",">32.2","FALSE",-0.576093610850091,"GGCTCCTAGGG","TGGCGA"
"262",499,"OXEC-499",">32.2","FALSE",-0.567020567076542,"GGCTCCTAGGG","CGGCGG"
"263",502,"OXEC-502","8.2","FALSE",-0.459958650548659,"AGCTTCTAGGG","CGGCGG"
"264",503,"OXEC-503","8.2","FALSE",-0.467217085567498,"AGCTTCTAGGG","CGGCGG"
"265",504,"OXEC-504","8.2","FALSE",-0.287570818851219,"GGCTCCTAGGG","CGGCGG"
"266",506,"OXEC-506","16.2","FALSE",-0.405520387907362,"AGCTCCTAGGG","CGGCGG"
"267",507,"OXEC-507","8.2","FALSE",-0.467217085567498,"GATTCCTAGGG","CGGCGG"
"268",508,"OXEC-508","32.2","FALSE",-0.365598995303744,"GGCTCCTAGGG","CGGCGG"
"269",510,"OXEC-510","16.2","FALSE",-0.294829253870059,"AGCTTCTAGGG","CGGCGG"
"270",511,"OXEC-511","16.2","FALSE",-0.387374300360263,"GATTCCTAGGG","CGGCGG"
"271",512,"OXEC-512","16.2","FALSE",-0.372857430322584,"GGCTCCTAGGG","CGGCGG"
"272",513,"OXEC-513","8.2","FALSE",-0.421851866699751,"GGCTCCTAGGG","CGGCGG"
"273",515,"OXEC-515","8.2","FALSE",-0.354711342775485,"AGCTCCTAGGG","CGGCGG"
"274",517,"OXEC-517","16.2","FALSE",-0.467217085567498,"GATTCCTAGGG","CGGCGG"
"275",518,"OXEC-518",">32.2","TRUE",1.24903987463711,"GGCTCCTAGGG","TGGCGG"
"276",524,"OXEC-524","8.2","FALSE",-0.492621608133437,"GATTCCTAGGG","CGGCGG"
"277",528,"OXEC-528","8.2","FALSE",-0.320233776435997,"AGCTTCTAGGG","CGGCGG"
"278",530,"OXEC-530","16.2","TRUE",-0.0770762033048718,"AGCTTCTAGGG","CGGCGA"
"279",531,"OXEC-531","16.2","FALSE",-0.394632735379102,"AGCTCCTAGGG","CGGCGG"
"280",532,"OXEC-532",">32.2","FALSE",-0.410964214171491,"AGCTCCTAGGG","TGGCGG"
"281",533,"OXEC-533","8.2","FALSE",-0.454514824284529,"GATTCCTAGGG","CGGCGG"
"282",534,"OXEC-534","16.2","FALSE",-0.253093252511731,"AGCTCCTAGGG","CGGCGA"
"283",535,"OXEC-535","8.2","FALSE",-0.316604558926577,"AGCTTCTAGGG","CGGCGA"
"284",536,"OXEC-536","8.2","FALSE",-0.576093610850091,"GGCTCCTAGGG","CGGCGG"
"285",537,"OXEC-537",">32.2","TRUE",1.24903987463711,"GGCTCCTAGGG","TGGCGG"
"286",539,"OXEC-539",">32.2","TRUE",-0.158733597266817,"GGCTCCTAGGG","CGGCGA"
"287",540,"OXEC-540","16.2","FALSE",-0.133329074700878,"AGCTTCTAGGG","CGGCGG"
"288",541,"OXEC-541","16.2","FALSE",-0.398261952888522,"AGCTCCTAGGG","CGGCGG"
"289",542,"OXEC-542","16.2","FALSE",-0.329306820209546,"AGCTTCTAGGG","CGGCGA"
"290",543,"OXEC-543","8.2","FALSE",-0.392818126624393,"GGCTCCTAGGG","CGGCGG"
"291",544,"OXEC-544","16.2","FALSE",-0.289385427605929,"AGCTTCTAGGG","CGGCGA"
"292",546,"OXEC-546",">32.2","FALSE",-0.532543000737054,"GGCTCCTAGGG","TGGCGG"
